iso3,analysis_type,hazard,aad,population,aad_over_pop
AGO,Prospective,Earthquake,475.77,25830958,0.0000184185967860735
AGO,Prospective,Flood,15615.7,25830958,0.000604534295630847
AGO,Prospective,Tsunami,0.01,25830958,0.000000000387132370390599
BDI,Prospective,Earthquake,9138.84,11552561,0.00079106615407614
BDI,Prospective,Flood,9215.12,11552561,0.000797669019016649
BEN,Prospective,Earthquake,86.65,11166658,0.00000775970751499688
BEN,Prospective,Flood,8712.43,11166658,0.000780218217482796
BFA,Prospective,Earthquake,17.72,18633725,0.000000950963910865916
BFA,Prospective,Flood,8667.93,18633725,0.000465174300897969
BWA,Prospective,Earthquake,538.51,2303820,0.000233746560061116
BWA,Prospective,Flood,1477.82,2303820,0.000641465045012197
CAF,Prospective,Earthquake,402.28,4998493,0.0000804802567493843
CAF,Prospective,Flood,6863.59,4998493,0.00137313186194319
CIV,Prospective,Earthquake,142.27,23254184,0.00000611803880110349
CIV,Prospective,Flood,21723.4,23254184,0.000934171674224303
CIV,Prospective,Tsunami,0.76,23254184,0.0000000326822906363861
CMR,Prospective,Earthquake,2173.02,23924407,0.0000908285835465013
CMR,Prospective,Flood,27116.9,23924407,0.00113344084139682
COD,Prospective,Earthquake,9076.18,79722624,0.000113846980249923
COD,Prospective,Flood,152283,79722624,0.0019101604081672
COG,Prospective,Earthquake,54.09,4740992,0.000011409004697751
COG,Prospective,Flood,8333.6,4740992,0.00175777558789384
COM,Prospective,Earthquake,101.02,807118,0.000125161376651246
COM,Prospective,Storm,56.23,807118,0.0000696676322421257
COM,Prospective,Wind,21.46,807118,0.0000265884294489777
COM,Retrospective,Hydrometeorological,293.667,807118,0.00036384642642092
COM,Retrospective,Total,293.667,807118,0.00036384642642092
COM,Hybrid,Total,867,807118,0.00107419237335805
CPV,Prospective,Earthquake,2.26,526993,0.00000428848201019748
CPV,Prospective,Tsunami,0.02,526993,0.0000000379511682318361
DJI,Prospective,Earthquake,373.96,899598,0.000415696789010202
DJI,Prospective,Flood,22.62,899598,0.0000251445645721756
DJI,Prospective,Tsunami,0.01,899598,0.0000000111160762918548
DZA,Prospective,Earthquake,19629.9,40375954,0.000486177986035946
DZA,Prospective,Flood,10772.9,40375954,0.000266814748203844
DZA,Prospective,Tsunami,8.24,40375954,0.000000204081865161626
EGY,Prospective,Earthquake,10702.6,93383574,0.000114609021068309
EGY,Prospective,Flood,26236.1,93383574,0.000280949838137487
EGY,Prospective,Tsunami,2012.39,93383574,0.0000215497213674859
EGY,Retrospective,Landslides,597.75,93383574,0.00000640101866308951
EGY,Retrospective,Total,597.75,93383574,0.00000640101866308951
EGY,Hybrid,Total,28694,93383574,0.000307270312871084
ERI,Prospective,Earthquake,327.7,5351680,0.0000612331081081081
ERI,Prospective,Flood,4264.81,5351680,0.000796910502870127
ETH,Prospective,Earthquake,4173.58,101853268,0.0000409763975368959
ETH,Prospective,Flood,100005,101853268,0.000981853621034526
ETH,Retrospective,Hydrometeorological,6163.92,101853268,0.0000605176458353796
ETH,Retrospective,Landslides,255.5,101853268,0.0000025085105762144
ETH,Retrospective,Tectonic,4.11111,101853268,0.0000000403630642465002
ETH,Retrospective,Total,6423.53,101853268,0.0000630665085778102
ETH,Hybrid,Total,110393,101853268,0.00108384347569486
GAB,Prospective,Earthquake,34.74,1763142,0.0000197034612073219
GAB,Prospective,Flood,3476.33,1763142,0.00197166762518277
GHA,Prospective,Earthquake,28.94,28033375,0.00000103234091506998
GHA,Prospective,Flood,16245.6,28033375,0.000579509245675913
GHA,Prospective,Tsunami,0.2,28033375,0.00000000713435324858316
GIN,Prospective,Earthquake,362.19,12947122,0.0000279745568165651
GIN,Prospective,Flood,20112.4,12947122,0.00155342631358537
GIN,Prospective,Tsunami,0.02,12947122,0.00000000154474484754218
GMB,Prospective,Earthquake,35.47,2054986,0.0000172604582220998
GMB,Prospective,Flood,937.38,2054986,0.000456149092986522
GMB,Prospective,Tsunami,0.03,2054986,0.0000000145986396014377
GNB,Prospective,Earthquake,49.27,1888429,0.0000260904699091149
GNB,Prospective,Flood,629.51,1888429,0.000333351161203307
GNQ,Prospective,Earthquake,74.6,869587,0.0000857878510143321
GNQ,Prospective,Flood,824.12,869587,0.000947714259757793
KEN,Prospective,Earthquake,4471.66,47251449,0.0000946354047258953
KEN,Prospective,Flood,45045.7,47251449,0.000953318913034815
KEN,Prospective,Tsunami,0.24,47251449,0.00000000507920931694603
KEN,Retrospective,Hydrometeorological,8695.4,47251449,0.000184023986227385
KEN,Retrospective,Landslides,99.8,47251449,0.00000211210454096339
KEN,Retrospective,Total,8795.2,47251449,0.000186136090768349
KEN,Hybrid,Total,57447,47251449,0.00121577224012749
LBR,Prospective,Earthquake,198.22,4615222,0.0000429491799094388
LBR,Prospective,Flood,11166.9,4615222,0.00241958024987747
LBR,Prospective,Tsunami,2.28,4615222,0.000000494017405879934
LBY,Prospective,Earthquake,489.74,6330159,0.000077366145147381
LBY,Prospective,Flood,485.69,6330159,0.0000767263507915046
LBY,Prospective,Tsunami,39.25,6330159,0.00000620047616497469
LSO,Prospective,Earthquake,1707.65,2160309,0.000790465623204829
LSO,Prospective,Flood,3691.2,2160309,0.00170864445780673
MAR,Prospective,Earthquake,10885.2,34817065,0.000312639793158901
MAR,Prospective,Flood,17004.8,34817065,0.000488404177664028
MAR,Prospective,Tsunami,27.73,34817065,0.000000796448523159548
MAR,Retrospective,Hydrometeorological,148,34817065,0.00000425078908862651
MAR,Retrospective,Total,148,34817065,0.00000425078908862651
MDG,Prospective,Earthquake,435.65,24915822,0.0000174848736678244
MDG,Prospective,Flood,67387.4,24915822,0.00270460272191702
MDG,Prospective,Storm,6324.38,24915822,0.000253829875650902
MDG,Prospective,Tsunami,5.56,24915822,0.000000223151377466094
MDG,Prospective,Wind,82213.7,24915822,0.00329965834560867
MDG,Retrospective,Hydrometeorological,166209,24915822,0.00667082145634208
MDG,Retrospective,Total,166209,24915822,0.00667082145634208
MDG,Hybrid,Total,192497,24915822,0.00772589401224652
MLI,Prospective,Earthquake,70.83,18134835,0.00000390574273215058
MLI,Prospective,Flood,27755.7,18134835,0.00153051847452706
MLI,Retrospective,Hydrometeorological,17453.9,18134835,0.000962451546981266
MLI,Retrospective,Total,17453.9,18134835,0.000962451546981266
MLI,Hybrid,Total,51041,18134835,0.0028145279513158
MOZ,Prospective,Earthquake,4353.67,28751362,0.000151424826413441
MOZ,Prospective,Flood,49012.8,28751362,0.00170471228458673
MOZ,Prospective,Storm,2106.4,28751362,0.0000732626162197116
MOZ,Prospective,Tsunami,0.15,28751362,0.00000000521714414781463
MOZ,Prospective,Wind,12228.2,28751362,0.000425308547122046
MOZ,Retrospective,Hydrometeorological,117820,28751362,0.00409789282330347
MOZ,Retrospective,Landslides,37.2857,28751362,0.00000129683247701448
MOZ,Retrospective,Tectonic,71.381,28751362,0.00000248269977610104
MOZ,Retrospective,Total,117928,28751362,0.00410164916708989
MOZ,Hybrid,Total,120291,28751362,0.00418383657789847
MRT,Prospective,Earthquake,49.92,4166463,0.0000119813856501306
MRT,Prospective,Flood,5477.77,4166463,0.00131472906395665
MRT,Prospective,Tsunami,0.34,4166463,0.0000000816039888029727
MUS,Prospective,Storm,3268.8,1277459,0.00255882967672544
MUS,Prospective,Tsunami,0.02,1277459,0.0000000156560797645952
MUS,Prospective,Wind,491.31,1277459,0.000384599427457163
MUS,Retrospective,Hydrometeorological,46.9474,1277459,0.0000367506119570178
MUS,Retrospective,Landslides,1.78947,1277459,0.00000140080425281751
MUS,Retrospective,Total,48.7368,1277459,0.0000381513614135561
MUS,Hybrid,Total,3320,1277459,0.0025989092409228
MWI,Prospective,Earthquake,6205.07,17749826,0.000349584835366837
MWI,Prospective,Flood,28994,17749826,0.0016334808014456
NAM,Prospective,Earthquake,143.15,2513981,0.0000569415600197456
NAM,Prospective,Flood,3453.45,2513981,0.00137369773279909
NAM,Prospective,Tsunami,0.41,2513981,0.000000163087946965391
NER,Prospective,Flood,29777.4,20715285,0.00143746031010435
NER,Retrospective,Hydrometeorological,35214.1,20715285,0.00169990902852652
NER,Retrospective,Total,35214.1,20715285,0.00169990902852652
NER,Hybrid,Total,69552,20715285,0.00335752078718685
NGA,Prospective,Earthquake,5038.81,186987563,0.0000269473002330107
NGA,Prospective,Flood,164526,186987563,0.000879876700676611
NGA,Prospective,Tsunami,0.56,186987563,0.00000000299485158807059
RWA,Prospective,Earthquake,9514.59,11882766,0.000800704987374152
RWA,Prospective,Flood,16400.5,11882766,0.00138019212025214
SDN,Prospective,Earthquake,806.23,41175541,0.0000195803134681339
SDN,Prospective,Flood,59014.3,41175541,0.00143323678491559
SEN,Prospective,Earthquake,274.71,15589485,0.0000176214929486125
SEN,Prospective,Flood,4419.48,15589485,0.000283491083894048
SEN,Prospective,Tsunami,3.75,15589485,0.000000240546753148035
SEN,Retrospective,Hydrometeorological,219.2,15589485,0.0000140607595440132
SEN,Retrospective,Total,219.2,15589485,0.0000140607595440132
SEN,Hybrid,Total,4738,15589485,0.000303922804377438
SLE,Prospective,Earthquake,166.38,6592102,0.0000252392939308281
SLE,Prospective,Flood,10177.9,6592102,0.00154395365848405
SLE,Prospective,Tsunami,0.1,6592102,0.0000000151696681877799
SLE,Retrospective,Hydrometeorological,1641.1,6592102,0.000248949424629655
SLE,Retrospective,Landslides,23.1,6592102,0.00000350419335137715
SLE,Retrospective,Total,1664.2,6592102,0.000252453617981032
SLE,Hybrid,Total,12906,6592102,0.00195779737631487
SOM,Prospective,Earthquake,176.2,11079013,0.0000159039437899387
SOM,Prospective,Flood,26360.9,11079013,0.00237935455080701
SOM,Prospective,Storm,0.04,11079013,0.00000000361042991826077
SOM,Prospective,Tsunami,0.16,11079013,0.0000000144417196730431
STP,Prospective,Earthquake,4.7,194390,0.0000241781984669993
SWZ,Prospective,Earthquake,561.76,1304063,0.000430776733946136
SWZ,Prospective,Flood,1384.86,1304063,0.00106195789620593
SYC,Prospective,Wind,0.01,97026,0.000000103065157792757
SYC,Retrospective,Hydrometeorological,0.884615,97026,0.00000911729845608394
SYC,Retrospective,Landslides,0.769231,97026,0.00000792809143940799
SYC,Retrospective,Tectonic,5.69231,97026,0.0000586678828355286
SYC,Retrospective,Total,7.34615,97026,0.0000757132108919259
TCD,Prospective,Earthquake,70.62,14496739,0.00000487144039773359
TCD,Prospective,Flood,19311.9,14496739,0.0013321547694278
TGO,Prospective,Earthquake,31.05,7496833,0.00000414174892251168
TGO,Prospective,Flood,5336.81,7496833,0.00071187526786311
TGO,Retrospective,Hydrometeorological,13141.3,7496833,0.00175291353028672
TGO,Retrospective,Landslides,16.8571,7496833,0.00000224856282646285
TGO,Retrospective,Total,13158.1,7496833,0.00175515447656364
TGO,Hybrid,Total,20753,7496833,0.00276823560028615
TUN,Prospective,Earthquake,4134.73,11375220,0.000363485717199316
TUN,Prospective,Flood,2393.17,11375220,0.000210384502453579
TUN,Prospective,Tsunami,20.21,11375220,0.00000177666893475467
TUN,Retrospective,Hydrometeorological,4.75,11375220,0.000000417574341419331
TUN,Retrospective,Landslides,1.7,11375220,0.000000149447659034287
TUN,Retrospective,Total,6.45,11375220,0.000000567022000453618
TZA,Prospective,Earthquake,21443.4,55155473,0.000388781000935302
TZA,Prospective,Flood,47688.6,55155473,0.000864621358609326
TZA,Prospective,Tsunami,0.01,55155473,0.000000000181305670245997
UGA,Prospective,Earthquake,16318,40322768,0.000404684519673848
UGA,Prospective,Flood,24538.9,40322768,0.000608561892378023
UGA,Retrospective,Hydrometeorological,9410.38,40322768,0.000233376339640175
UGA,Retrospective,Landslides,685.458,40322768,0.0000169992794145481
UGA,Retrospective,Total,10095.8,40322768,0.000250374676659102
UGA,Hybrid,Total,32833,40322768,0.000814254616647349
ZAF,Prospective,Earthquake,25121.2,54978907,0.000456924325541794
ZAF,Prospective,Flood,33193.6,54978907,0.000603751544205853
ZAF,Prospective,Tsunami,4.41,54978907,0.0000000802125804356205
ZMB,Prospective,Earthquake,4595.76,16717332,0.000274909895909228
ZMB,Prospective,Flood,8574.4,16717332,0.000512904810408742
ZWE,Prospective,Earthquake,2559.43,15966810,0.000160296890862984
ZWE,Prospective,Flood,10352.5,15966810,0.000648376225432632
ZWE,Prospective,Wind,0.07,15966810,0.0000000043840942555213
AFG,Prospective,Earthquake,67300.5,33369945,0.00201679984788707
AFG,Prospective,Flood,50807.9,33369945,0.00152256469107156
AUS,Prospective,Earthquake,75.73,24309330,0.00000311526479750779
AUS,Prospective,Flood,19801.9,24309330,0.000814580245527129
AUS,Prospective,Storm,3238.94,24309330,0.000133238554908753
AUS,Prospective,Tsunami,80.59,24309330,0.00000331518803685663
AUS,Prospective,Wind,520.34,24309330,0.0000214049502804067
BGD,Prospective,Earthquake,31714,162910864,0.00019467087228756
BGD,Prospective,Flood,882606,162910864,0.00541772339995692
BGD,Prospective,Storm,7554.48,162910864,0.0000463718613634018
BGD,Prospective,Tsunami,1826.9,162910864,0.0000112141078571654
BGD,Prospective,Wind,91929.3,162910864,0.000564292016768139
BRN,Prospective,Earthquake,30,428874,0.0000699506148659047
BRN,Prospective,Flood,136.04,428874,0.000317202721545256
BRN,Prospective,Tsunami,2.11,428874,0.0000049198599122353
BTN,Prospective,Earthquake,322.56,784103,0.000411374526050787
BTN,Prospective,Flood,3757.59,784103,0.00479221479831094
BTN,Retrospective,Hydrometeorological,5.125,784103,0.00000653613109502195
BTN,Retrospective,Tectonic,1374.5,784103,0.00175295847611857
BTN,Retrospective,Total,1379.62,784103,0.00175948823050033
BTN,Hybrid,Total,6741,784103,0.00859708482176449
CHN,Prospective,Earthquake,191559,1382323332,0.000138577563993545
CHN,Prospective,Flood,466594,1382323332,0.000337543315083102
CHN,Prospective,Storm,184217,1382323332,0.000133266216185086
CHN,Prospective,Tsunami,5051.96,1382323332,0.00000365468764293418
CHN,Prospective,Wind,1545.89,1382323332,0.00000111832735816109
FJI,Prospective,Earthquake,65.7,897537,0.0000732003248891132
FJI,Prospective,Storm,3147.27,897537,0.00350656296063561
FJI,Prospective,Tsunami,0.92,897537,0.00000102502738048682
FJI,Prospective,Wind,1808.19,897537,0.00201461332513311
FSM,Prospective,Earthquake,4.3,104966,0.0000409656460187108
FSM,Prospective,Storm,128.89,104966,0.0012279214221748
FSM,Prospective,Tsunami,2.05,104966,0.0000195301335670598
FSM,Prospective,Wind,172.09,104966,0.0016394832612465
HKG,Prospective,Earthquake,9.25,7346248,0.00000125914616549836
HKG,Prospective,Tsunami,1624.89,7346248,0.000221186379768284
HKG,Prospective,Wind,1.29,7346248,0.000000175599843620852
IDN,Prospective,Earthquake,49024.3,260581100,0.000188134519349254
IDN,Prospective,Flood,239573,260581100,0.0009193798015282
IDN,Prospective,Storm,16.35,260581100,0.0000000627443816915348
IDN,Prospective,Tsunami,3178.58,260581100,0.000012198045061595
IDN,Prospective,Wind,2.22,260581100,0.00000000851942063334601
IDN,Retrospective,Hydrometeorological,51395.7,260581100,0.000197234949119487
IDN,Retrospective,Landslides,1476.91,260581100,0.00000566775564306084
IDN,Retrospective,Tectonic,204103,260581100,0.000783260950237757
IDN,Retrospective,Volcanic,2.28125,260581100,0.0000000087544722161354
IDN,Retrospective,Total,256978,260581100,0.000986172826809005
IDN,Hybrid,Total,355210,260581100,0.00136314567710398
IND,Prospective,Earthquake,58233.1,1326801576,0.0000438898333054136
IND,Prospective,Flood,1381340,1326801576,0.00104110518481929
IND,Prospective,Storm,26161.4,1326801576,0.0000197176431451571
IND,Prospective,Tsunami,2613.64,1326801576,0.00000196988008401341
IND,Prospective,Wind,171317,1326801576,0.000129120286785068
IND,Retrospective,Hydrometeorological,30.8333,1326801576,0.0000000232388177386368
IND,Retrospective,Landslides,6.16667,1326801576,0.00000000464777108464936
IND,Retrospective,Total,37,1326801576,0.0000000278866114340521
IND,Retrospective,Hydrometeorological,157624,1326801576,0.000118799979477866
IND,Retrospective,Tectonic,99.2159,1326801576,0.0000000747782500372912
IND,Retrospective,Total,157723,1326801576,0.000118874595005757
IND,Retrospective,Hydrometeorological,33115.9,1326801576,0.0000249591955564575
IND,Retrospective,Landslides,0.382353,1326801576,0.00000000028817647409849
IND,Retrospective,Tectonic,4485.24,1326801576,0.00000338049040725589
IND,Retrospective,Total,37601.5,1326801576,0.0000283399572929057
IRN,Prospective,Earthquake,116660,80043146,0.00145746395325341
IRN,Prospective,Flood,24024.3,80043146,0.000300141875982736
IRN,Prospective,Storm,0.18,80043146,0.000000002248787172858
IRN,Prospective,Tsunami,7.62,80043146,0.0000000951986569843219
IRN,Retrospective,Hydrometeorological,4354.43,80043146,0.0000544010351617114
IRN,Retrospective,Landslides,2.875,80043146,0.0000000359181284553708
IRN,Retrospective,Tectonic,13023.3,80043146,0.000162703499934898
IRN,Retrospective,Total,17380.6,80043146,0.000217140390758754
IRN,Hybrid,Total,81480,80043146,0.00101795099358039
JPN,Prospective,Earthquake,30177,126323715,0.000238886261380138
JPN,Prospective,Flood,10242.5,126323715,0.0000810813709840626
JPN,Prospective,Storm,87402.9,126323715,0.000691896212836996
JPN,Prospective,Tsunami,15842.6,126323715,0.00012541271446933
JPN,Prospective,Wind,2955.31,126323715,0.0000233947362931814
KAZ,Prospective,Earthquake,5826.4,17855384,0.000326310540282976
KAZ,Prospective,Flood,10165.1,17855384,0.000569301673937676
KGZ,Prospective,Earthquake,16282.7,6033769,0.00269859518983905
KGZ,Prospective,Flood,10165.3,6033769,0.00168473469899163
KHM,Prospective,Earthquake,0.01,15827241,0.000000000631822059195282
KHM,Prospective,Flood,179154,15827241,0.0113193449193072
KHM,Retrospective,Hydrometeorological,3579.89,15827241,0.00022618534714926
KHM,Retrospective,Total,3579.89,15827241,0.00022618534714926
KHM,Hybrid,Total,257875,15827241,0.0162931113514983
KIR,Prospective,Tsunami,1.33,114405,0.0000116253660242122
KOR,Prospective,Earthquake,69.77,50503933,0.00000138147656737942
KOR,Prospective,Flood,15306.2,50503933,0.000303069465896844
KOR,Prospective,Storm,70562.6,50503933,0.00139717039463045
KOR,Prospective,Tsunami,9.98,50503933,0.000000197608372401413
KOR,Prospective,Wind,0.02,50503933,0.000000000396008762327481
LAO,Prospective,Earthquake,1671.76,6918367,0.000241640838076384
LAO,Prospective,Flood,77810.7,6918367,0.0112469749002908
LAO,Prospective,Wind,0.29,6918367,0.0000000419174062318463
LAO,Retrospective,Hydrometeorological,6271.29,6918367,0.000906469691474881
LAO,Retrospective,Total,6271.29,6918367,0.000906469691474881
LAO,Hybrid,Total,81387,6918367,0.0117639032447975
LKA,Prospective,Earthquake,21.58,20810816,0.00000103696078039419
LKA,Prospective,Flood,13585.9,20810816,0.000652828798255676
LKA,Prospective,Storm,1031.68,20810816,0.0000495742214048695
LKA,Prospective,Tsunami,159.82,20810816,0.00000767966042273402
LKA,Retrospective,Hydrometeorological,8486.92,20810816,0.000407812937272618
LKA,Retrospective,Landslides,41.6375,20810816,0.00000200076248812156
LKA,Retrospective,Tectonic,6257.45,20810816,0.000300682587362264
LKA,Retrospective,Total,14786,20810816,0.000710495926733483
LKA,Hybrid,Total,17827,20810816,0.00085662186432286
MAC,Prospective,Earthquake,0.43,597126,0.00000072011602241403
MAC,Prospective,Tsunami,141.69,597126,0.000237286602827544
MDV,Prospective,Earthquake,0.23,369812,0.000000621937633175776
MDV,Prospective,Tsunami,2.42,369812,0.00000654386553167555
MDV,Retrospective,Hydrometeorological,2.83871,369812,0.00000767608947248872
MDV,Retrospective,Tectonic,483.839,369812,0.00130833774999189
MDV,Retrospective,Total,486.677,369812,0.00131601191956994
MDV,Hybrid,Total,15,369812,0.0000405611499897245
MHL,Prospective,Tsunami,0.3,53069,0.00000565301776931919
MHL,Prospective,Wind,4.93,53069,0.0000928979253424787
MMR,Prospective,Earthquake,4475.03,54363426,0.000082316923881876
MMR,Prospective,Flood,513796,54363426,0.00945113356174425
MMR,Prospective,Storm,10973.8,54363426,0.000201859978434766
MMR,Prospective,Tsunami,949.18,54363426,0.0000174599003381428
MMR,Prospective,Wind,2005.59,54363426,0.0000368922665028506
MNG,Prospective,Earthquake,146.33,3006444,0.000048672118955151
MNG,Prospective,Flood,2393.63,3006444,0.00079616650102247
MYS,Prospective,Earthquake,115.58,30751602,0.00000375850337813295
MYS,Prospective,Flood,27290.7,30751602,0.000887456204720652
MYS,Prospective,Tsunami,116.21,30751602,0.00000377899011570194
NCL,Prospective,Earthquake,18.01,266431,0.0000675972390600193
NCL,Prospective,Storm,1221.38,266431,0.00458422631000146
NCL,Prospective,Tsunami,2.2,266431,0.00000825729738656538
NCL,Prospective,Wind,2260.84,266431,0.00848564919247385
NPL,Prospective,Earthquake,5173.75,28850717,0.000179328298842625
NPL,Prospective,Flood,72706.2,28850717,0.00252008294975823
NPL,Retrospective,Hydrometeorological,12811.2,28850717,0.000444051355812058
NPL,Retrospective,Landslides,724.833,28850717,0.0000251235697192552
NPL,Retrospective,Tectonic,3283.74,28850717,0.000113818315156604
NPL,Retrospective,Total,16819.8,28850717,0.000582994176539876
NPL,Hybrid,Total,85835,28850717,0.00297514269749345
NZL,Prospective,Earthquake,35.16,4565185,0.00000770176893159861
NZL,Prospective,Flood,2398.72,4565185,0.000525437632867014
NZL,Prospective,Storm,294.43,4565185,0.0000644946480810745
NZL,Prospective,Tsunami,86.02,4565185,0.0000188426098832796
PAK,Prospective,Earthquake,50122.2,192826502,0.000259934186847408
PAK,Prospective,Flood,325291,192826502,0.0016869620961127
PAK,Prospective,Storm,1312.67,192826502,0.00000680751860550787
PAK,Prospective,Tsunami,32.57,192826502,0.000000168908317384713
PAK,Prospective,Wind,19.35,192826502,0.000000100349276677746
PAK,Retrospective,Hydrometeorological,620551,192826502,0.00321818315202337
PAK,Retrospective,Landslides,131.956,192826502,0.000000684325020841793
PAK,Retrospective,Tectonic,69587.7,192826502,0.000360882447579742
PAK,Retrospective,Total,690271,192826502,0.00357975170861109
PAK,Hybrid,Total,516705,192826502,0.00267963684784366
PHL,Prospective,Earthquake,52194,102250133,0.00051045410376141
PHL,Prospective,Flood,68735,102250133,0.000672224064490948
PHL,Prospective,Storm,184271,102250133,0.00180215902506454
PHL,Prospective,Tsunami,3479.08,102250133,0.0000340251880161369
PHL,Prospective,Wind,276237,102250133,0.00270158083804155
PLW,Prospective,Earthquake,2.9,21501,0.000134877447560579
PLW,Prospective,Storm,26.56,21501,0.0012352913817962
PLW,Prospective,Tsunami,1.85,21501,0.0000860425096507139
PLW,Prospective,Wind,270.83,21501,0.0125961583182178
PNG,Prospective,Earthquake,6094.54,7776115,0.000783751269110603
PNG,Prospective,Flood,21405.1,7776115,0.00275267276782815
PNG,Prospective,Storm,209.86,7776115,0.0000269877695996008
PNG,Prospective,Tsunami,143.86,7776115,0.0000185002408014799
PNG,Prospective,Wind,31.09,7776115,0.00000399814045959968
PRK,Prospective,Earthquake,3222.26,25281327,0.000127456126017436
PRK,Prospective,Flood,57796.3,25281327,0.0022861260407731
PRK,Prospective,Storm,344.8,25281327,0.0000136385245916878
PRK,Prospective,Tsunami,0.09,25281327,0.0000000035599397136076
PYF,Prospective,Tsunami,1.25,285735,0.00000437468283549443
PYF,Prospective,Wind,977.23,285735,0.00342005704586418
SGP,Prospective,Earthquake,0.15,5696506,0.0000000263319304851079
SLB,Prospective,Earthquake,252.61,594934,0.000424601720526983
SLB,Prospective,Storm,1243.92,594934,0.00209085377537676
SLB,Prospective,Tsunami,9.89,594934,0.0000166236927121328
SLB,Prospective,Wind,2155.54,594934,0.00362315819906074
THA,Prospective,Earthquake,632.71,68146609,0.00000928454121613006
THA,Prospective,Flood,138439,68146609,0.0020314877296389
THA,Prospective,Storm,0.98,68146609,0.0000000143807595767531
THA,Prospective,Tsunami,14.29,68146609,0.000000209694953420206
TJK,Prospective,Earthquake,20817.7,8669464,0.00240126725250834
TJK,Prospective,Flood,19357.7,8669464,0.00223286007070333
TKM,Prospective,Earthquake,1973.35,5438670,0.000362836870043595
TKM,Prospective,Flood,9445.2,5438670,0.00173667459139826
TLS,Prospective,Earthquake,1265.67,1211245,0.00104493310601901
TLS,Prospective,Flood,94.35,1211245,0.0000778950583903339
TLS,Prospective,Tsunami,31.74,1211245,0.0000262044425363985
TLS,Retrospective,Hydrometeorological,1058.56,1211245,0.000873943752089792
TLS,Retrospective,Landslides,45.9375,1211245,0.0000379258531510966
TLS,Retrospective,Total,1104.5,1211245,0.000911871669232897
TLS,Hybrid,Total,1948,1211245,0.00160826257280732
TON,Prospective,Earthquake,153.15,106915,0.00143244633587429
TON,Prospective,Tsunami,9.24,106915,0.0000864237946031894
TON,Prospective,Wind,955.68,106915,0.00893868961324417
TUV,Prospective,Tsunami,0.12,9943,0.0000120687921150558
TWN,Prospective,Earthquake,20453.3,23395600,0.000874237036023868
TWN,Prospective,Flood,2994.23,23395600,0.000127982612115099
TWN,Prospective,Storm,42560.8,23395600,0.00181917967481065
TWN,Prospective,Tsunami,433.72,23395600,0.0000185385286122177
TWN,Prospective,Wind,6130.8,23395600,0.000262049274222503
UZB,Prospective,Earthquake,36121.8,30300446,0.00119212106646879
UZB,Prospective,Flood,23351.1,30300446,0.000770652022745804
VNM,Prospective,Earthquake,347.84,94444200,0.00000368302129723159
VNM,Prospective,Flood,647821,94444200,0.00685929892995017
VNM,Prospective,Storm,18163.3,94444200,0.000192317791881344
VNM,Prospective,Tsunami,235.51,94444200,0.00000249364174824923
VNM,Prospective,Wind,3421.89,94444200,0.0000362318702471936
VNM,Retrospective,Hydrometeorological,127626,94444200,0.00135133761522677
VNM,Retrospective,Landslides,134.167,94444200,0.00000142059544154114
VNM,Retrospective,Total,127760,94444200,0.00135275644242844
VNM,Hybrid,Total,738498,94444200,0.00781941082671037
VUT,Prospective,Earthquake,372.15,270470,0.00137593818168374
VUT,Prospective,Storm,1002.64,270470,0.00370702850593411
VUT,Prospective,Tsunami,0.98,270470,0.00000362332236477243
VUT,Prospective,Wind,1900.76,270470,0.00702761858986209
WSM,Prospective,Earthquake,15.69,194523,0.0000806588423990993
WSM,Prospective,Tsunami,0.84,194523,0.00000431825542480838
WSM,Prospective,Wind,1065.89,194523,0.0054795062794631
ALB,Prospective,Earthquake,1363.92,2903700,0.000469717946068809
ALB,Prospective,Flood,5231.36,2903700,0.00180161862451355
ALB,Prospective,Tsunami,6.01,2903700,0.00000206977304817991
ALB,Retrospective,Hydrometeorological,284.909,2903700,0.0000981192960705307
ALB,Retrospective,Landslides,191.841,2903700,0.0000660677755966525
ALB,Retrospective,Tectonic,92.8409,2903700,0.0000319733099149361
ALB,Retrospective,Total,569.591,2903700,0.000196160416020939
ALB,Hybrid,Total,10990,2903700,0.00378482625615594
AND,Prospective,Earthquake,0.46,69165,0.00000665076266897998
ARM,Prospective,Earthquake,2700.26,3026048,0.000892338786430354
ARM,Prospective,Flood,3220.93,3026048,0.00106440148999619
AUT,Prospective,Earthquake,1346.28,8569633,0.000157098909603247
AUT,Prospective,Flood,4663.87,8569633,0.000544232174236633
AZE,Prospective,Earthquake,4495.99,9868447,0.000455592455428904
AZE,Prospective,Flood,3619.38,9868447,0.000366762875658146
BEL,Prospective,Earthquake,495.94,11371928,0.000043610898697213
BEL,Prospective,Flood,1570.13,11371928,0.000138070694784561
BIH,Prospective,Earthquake,784.18,3802134,0.000206247333734161
BIH,Prospective,Flood,13955,3802134,0.00367030725376854
BLR,Prospective,Earthquake,1.2,9481521,0.000000126561972493654
BLR,Prospective,Flood,22911.4,9481521,0.00241642664715925
CHE,Prospective,Earthquake,913.62,8379477,0.000109030671007272
CHE,Prospective,Flood,3195.46,8379477,0.000381343608914972
CYP,Prospective,Earthquake,238.79,1176598,0.000202949520566923
CYP,Prospective,Flood,0.1,1176598,0.0000000849907954968477
CYP,Prospective,Tsunami,16.9,1176598,0.0000143634444389673
CZE,Prospective,Earthquake,557.54,10548058,0.0000528571230836994
CZE,Prospective,Flood,4424.31,10548058,0.000419443086111206
DEU,Prospective,Earthquake,6218.17,80682351,0.0000770697670919381
DEU,Prospective,Flood,19802.5,80682351,0.00024543781576221
DNK,Prospective,Earthquake,2.2,5690750,0.000000386592276940649
DNK,Prospective,Flood,131.3,5690750,0.0000230725299828669
ESP,Prospective,Earthquake,187.64,46064604,0.00000407340959666125
ESP,Prospective,Flood,14468.3,46064604,0.000314087145957013
ESP,Prospective,Tsunami,25.29,46064604,0.000000549011557767869
EST,Prospective,Earthquake,4.84,1309104,0.00000369718525036972
EST,Prospective,Flood,764.84,1309104,0.000584246935308425
FIN,Prospective,Earthquake,1.21,5523904,0.000000219047977662175
FRA,Prospective,Earthquake,1750.63,64668129,0.0000270709857710589
FRA,Prospective,Flood,25838.2,64668129,0.000399550758612484
FRA,Prospective,Tsunami,0.51,64668129,0.0000000078864195993671
FRO,Prospective,Wind,0.45,48239,0.00000932855158689028
GBR,Prospective,Earthquake,2972.98,65111143,0.0000456600800265478
GBR,Prospective,Flood,10354.2,65111143,0.000159023471604545
GBR,Prospective,Tsunami,0.1,65111143,0.00000000153583542528197
GEO,Prospective,Earthquake,7010.29,3979781,0.00176147632244086
GEO,Prospective,Flood,4940.18,3979781,0.00124131956004614
GRC,Prospective,Earthquake,21808.3,10919459,0.00199719601493078
GRC,Prospective,Flood,952.26,10919459,0.0000872076171539268
GRC,Prospective,Tsunami,70.61,10919459,0.00000646643757717301
HRV,Prospective,Earthquake,1274.86,4225001,0.000301741940416109
HRV,Prospective,Flood,7468.68,4225001,0.00176773449284391
HRV,Prospective,Tsunami,0.07,4225001,0.0000000165680434158477
HUN,Prospective,Earthquake,866.81,9821318,0.000088258011806562
HUN,Prospective,Flood,30155.3,9821318,0.00307039238521754
IRL,Prospective,Earthquake,11.76,4713993,0.00000249470035275827
IRL,Prospective,Flood,1891.83,4713993,0.000401322191186962
IRL,Prospective,Tsunami,0.21,4713993,0.000000044548220584969
ISL,Prospective,Earthquake,73.89,331778,0.000222709160944969
ISR,Prospective,Earthquake,1109.61,8192463,0.000135442784422707
ISR,Prospective,Flood,51.13,8192463,0.00000624110234004108
ISR,Prospective,Tsunami,50.92,8192463,0.00000621546902317411
ITA,Prospective,Earthquake,28814.4,59801004,0.000481838064123472
ITA,Prospective,Flood,7194.34,59801004,0.000120304669132311
ITA,Prospective,Tsunami,23.87,59801004,0.000000399157178029988
LIE,Prospective,Earthquake,9.25,37776,0.00024486446421008
LTU,Prospective,Earthquake,4.24,2850030,0.00000148770363820732
LTU,Prospective,Flood,4426.18,2850030,0.0015530292663586
LUX,Prospective,Earthquake,9.79,576243,0.0000169893603913627
LUX,Prospective,Flood,37.51,576243,0.0000650940662185918
LVA,Prospective,Earthquake,1.5,1955742,0.000000766972330706197
LVA,Prospective,Flood,4308.66,1955742,0.00220308200161371
MDA,Prospective,Earthquake,139.33,4062862,0.0000342935595646616
MDA,Prospective,Flood,13031.6,4062862,0.00320749264927039
MKD,Prospective,Earthquake,591.05,2081012,0.000284020466965111
MKD,Prospective,Flood,863.46,2081012,0.000414923123941621
MLT,Prospective,Earthquake,50.06,419615,0.000119299834371984
MLT,Prospective,Tsunami,2.72,419615,0.00000648213243091882
MNE,Prospective,Earthquake,114.42,626101,0.000182750067481125
MNE,Prospective,Flood,559.33,626101,0.000893354267123036
MNE,Prospective,Tsunami,0.03,626101,0.0000000479155918933207
NLD,Prospective,Earthquake,463.86,16979729,0.0000273184572027033
NLD,Prospective,Flood,7200.34,16979729,0.000424055060007141
NOR,Prospective,Earthquake,11.2,5271958,0.00000212444788065459
POL,Prospective,Earthquake,1670.82,38593161,0.0000432931627445598
POL,Prospective,Flood,19692.8,38593161,0.000510266572878029
PRT,Prospective,Earthquake,14.23,10304434,0.00000138095891535624
PRT,Prospective,Flood,2945.01,10304434,0.000285800268117589
PRT,Prospective,Tsunami,4.37,10304434,0.000000424089280401039
ROU,Prospective,Earthquake,5612.09,19372734,0.000289690138727967
ROU,Prospective,Flood,34439.3,19372734,0.00177772017104039
RUS,Prospective,Earthquake,3343.57,143439832,0.00002330991296755
RUS,Prospective,Flood,153940,143439832,0.00107320259549663
RUS,Prospective,Storm,212.61,143439832,0.00000148222426808196
RUS,Prospective,Tsunami,54.7,143439832,0.000000381344562645612
SMR,Prospective,Earthquake,16.8,31950,0.000525821596244131
SRB,Prospective,Earthquake,3187.7,8812705,0.000361716408299154
SRB,Prospective,Flood,72176.3,8812705,0.00819002791991789
SRB,Retrospective,Hydrometeorological,483.75,8812705,0.0000548923400930815
SRB,Retrospective,Landslides,33,8812705,0.00000374459374278386
SRB,Retrospective,Tectonic,499.875,8812705,0.0000567220847628509
SRB,Retrospective,Total,1016.62,8812705,0.000115358451236028
SRB,Hybrid,Total,74121,8812705,0.00841069796390552
SVK,Prospective,Earthquake,291.44,5429418,0.0000536779448552313
SVK,Prospective,Flood,7860.84,5429418,0.00144782368938991
SVN,Prospective,Earthquake,893.54,2069362,0.00043179492036676
SVN,Prospective,Flood,862.13,2069362,0.000416616329090802
SVN,Prospective,Tsunami,0.01,2069362,0.00000000483240728301766
SWE,Prospective,Earthquake,10.41,9851852,0.00000105665411944881
SWE,Prospective,Flood,636.07,9851852,0.0000645634952697219
TUR,Prospective,Earthquake,36845.5,79622062,0.000462754908306695
TUR,Prospective,Flood,14866.4,79622062,0.000186712069828084
TUR,Prospective,Tsunami,168.45,79622062,0.00000211561966330387
TUR,Retrospective,Hydrometeorological,21.2375,79622062,0.000000266728837040166
TUR,Retrospective,Landslides,60.3,79622062,0.000000757327786863897
TUR,Retrospective,Tectonic,1897.78,79622062,0.0000238348511999099
TUR,Retrospective,Total,1979.31,79622062,0.0000248588136288156
TUR,Hybrid,Total,28209,79622062,0.000354286227854787
UKR,Prospective,Earthquake,283.93,44624373,0.00000636266642894904
UKR,Prospective,Flood,110583,44624373,0.00247808523830688
ABW,Prospective,Earthquake,98.91,104263,0.000948658680452318
ABW,Prospective,Storm,339.41,104263,0.00325532547500072
ABW,Prospective,Tsunami,0.28,104263,0.00000268551643440147
ABW,Prospective,Wind,52.16,104263,0.000500273347208502
ARG,Prospective,Earthquake,11324.2,43847277,0.000258264612418235
ARG,Prospective,Flood,28032.9,43847277,0.000639330465150664
ARG,Prospective,Tsunami,1.59,43847277,0.0000000362622290091127
ARG,Retrospective,Hydrometeorological,3279.82,43847277,0.0000748009961941308
ARG,Retrospective,Landslides,4.88462,43847277,0.000000111400760416662
ARG,Retrospective,Tectonic,1044.42,43847277,0.0000238194951079858
ARG,Retrospective,Volcanic,0.0641026,43847277,0.00000000146195167376072
ARG,Retrospective,Total,4329.19,43847277,0.000098733383147145
ARG,Hybrid,Total,42987,43847277,0.000980380149946369
ATG,Prospective,Earthquake,240.39,92738,0.00259214130130044
ATG,Prospective,Storm,881.71,92738,0.00950753736332464
ATG,Prospective,Tsunami,0.94,92738,0.0000101360822963618
ATG,Prospective,Wind,1895.47,92738,0.0204389786279626
ATG,Retrospective,Hydrometeorological,2.5,92738,0.0000269576656818133
ATG,Retrospective,Total,2.5,92738,0.0000269576656818133
BHS,Prospective,Earthquake,0.06,392718,0.000000152781385116037
BHS,Prospective,Storm,15044,392718,0.0383073859614278
BHS,Prospective,Tsunami,0.1,392718,0.000000254635641860062
BHS,Prospective,Wind,4708.79,392718,0.0119902576403424
BLZ,Prospective,Earthquake,62.28,366942,0.000169727095835309
BLZ,Prospective,Flood,2338.79,366942,0.00637373208844995
BLZ,Prospective,Storm,726.79,366942,0.00198066724441465
BLZ,Prospective,Tsunami,0.04,366942,0.000000109009053201868
BLZ,Prospective,Wind,1030.77,366942,0.00280908154422225
BLZ,Retrospective,Hydrometeorological,421.75,366942,0.0011493642046972
BLZ,Retrospective,Tectonic,1.25,366942,0.00000340653291255839
BLZ,Retrospective,Total,423,366942,0.00115277073760976
BLZ,Hybrid,Total,3301,366942,0.00899597211548419
BMU,Prospective,Tsunami,0.67,61662,0.0000108656871330803
BMU,Prospective,Wind,173.35,61662,0.00281129382764101
BOL,Prospective,Earthquake,5460.06,10888402,0.000501456503902042
BOL,Prospective,Flood,20802.5,10888402,0.00191051910096633
BOL,Retrospective,Hydrometeorological,420.267,10888402,0.0000385976748470529
BOL,Retrospective,Landslides,72.4535,10888402,0.00000665419039451335
BOL,Retrospective,Tectonic,94.6395,10888402,0.00000869177129940647
BOL,Retrospective,Total,587.36,10888402,0.0000539436365409727
BOL,Hybrid,Total,26393,10888402,0.00242395532420644
BRA,Prospective,Earthquake,926.29,209567920,0.00000441999901511644
BRA,Prospective,Flood,149462,209567920,0.000713191217434424
BRA,Prospective,Tsunami,11.02,209567920,0.0000000525843840984822
BRB,Prospective,Earthquake,238.96,285006,0.000838438489014266
BRB,Prospective,Storm,969.13,285006,0.00340038455330765
BRB,Prospective,Tsunami,1.01,285006,0.0000035437850431219
BRB,Prospective,Wind,366.64,285006,0.00128642905763387
CHL,Prospective,Earthquake,33174.7,18131850,0.00182963679933377
CHL,Prospective,Flood,10286.9,18131850,0.00056733868855081
CHL,Prospective,Tsunami,486.89,18131850,0.0000268527480648693
CHL,Retrospective,Hydrometeorological,2403.35,18131850,0.00013254852648792
CHL,Retrospective,Landslides,5.70455,18131850,0.000000314614890372466
CHL,Retrospective,Tectonic,38021,18131850,0.00209691785449361
CHL,Retrospective,Volcanic,0.318182,18131850,0.0000000175482369421763
CHL,Retrospective,Total,40430.4,18131850,0.00222980004798187
CHL,Hybrid,Total,35509,18131850,0.00195837710989226
COL,Prospective,Earthquake,78641.3,48654392,0.00161632479139807
COL,Prospective,Flood,37821.7,48654392,0.000777354282836378
COL,Prospective,Storm,2.16,48654392,0.0000000443947588534248
COL,Prospective,Tsunami,1196.06,48654392,0.00002458277558992
COL,Prospective,Wind,3.54,48654392,0.0000000727580770097795
COL,Retrospective,Hydrometeorological,10714.5,48654392,0.000220216501729176
COL,Retrospective,Landslides,1139.05,48654392,0.000023411041699997
COL,Retrospective,Tectonic,4388.77,48654392,0.0000902029563949746
COL,Retrospective,Volcanic,348.795,48654392,0.00000716882866401866
COL,Retrospective,Total,16591.1,48654392,0.00034099902019123
COL,Hybrid,Total,104310,48654392,0.00214389689629664
CRI,Prospective,Earthquake,3561.78,4857218,0.000733296302533673
CRI,Prospective,Flood,2231.96,4857218,0.000459514067517661
CRI,Prospective,Storm,0.54,4857218,0.000000111174750649446
CRI,Prospective,Tsunami,29.06,4857218,0.00000598284861828314
CRI,Prospective,Wind,3.84,4857218,0.000000790576004618281
CRI,Retrospective,Hydrometeorological,214.678,4857218,0.0000441977279998551
CRI,Retrospective,Landslides,10.0222,4857218,0.00000206336219622014
CRI,Retrospective,Tectonic,482.033,4857218,0.0000992405529255636
CRI,Retrospective,Total,706.733,4857218,0.000145501601945805
CRI,Hybrid,Total,3821,4857218,0.000786664300428764
CUB,Prospective,Earthquake,85.76,11392889,0.00000752750246228152
CUB,Prospective,Flood,617.12,11392889,0.0000541671212630967
CUB,Prospective,Storm,15274.2,11392889,0.00134067838280527
CUB,Prospective,Tsunami,2.95,11392889,0.000000258933445239394
CUB,Prospective,Wind,4813.92,11392889,0.00042253725108706
CYM,Prospective,Earthquake,11.15,60764,0.000183496807320124
CYM,Prospective,Storm,498.09,60764,0.00819712329668883
CYM,Prospective,Tsunami,0.06,60764,0.0000009874267658482
CYM,Prospective,Wind,1384.92,60764,0.0227917846093081
DMA,Prospective,Earthquake,238.65,73016,0.00326846170702312
DMA,Prospective,Storm,1150.52,73016,0.0157570943354881
DMA,Prospective,Tsunami,0.01,73016,0.000000136956283554289
DMA,Prospective,Wind,612.13,73016,0.00838350498520872
DMA,Retrospective,Hydrometeorological,11.3333,73016,0.000155216664840583
DMA,Retrospective,Landslides,0.833333,73016,0.0000114130190643147
DMA,Retrospective,Total,12.1667,73016,0.000166630601511997
DMA,Hybrid,Total,1182,73016,0.016188232716117
DOM,Prospective,Earthquake,9623.86,10648613,0.000903766528091499
DOM,Prospective,Flood,6460.38,10648613,0.000606687462489246
DOM,Prospective,Storm,2892.35,10648613,0.000271617533663774
DOM,Prospective,Tsunami,19.12,10648613,0.00000179553900587804
DOM,Prospective,Wind,15636.9,10648613,0.00146844476365138
DOM,Retrospective,Hydrometeorological,206.133,10648613,0.0000193577323168754
DOM,Retrospective,Landslides,2.95,10648613,0.000000277031384275116
DOM,Retrospective,Total,209.083,10648613,0.0000196347637011506
DOM,Hybrid,Total,19272,10648613,0.001809813165339
ECU,Prospective,Earthquake,31184.1,16385450,0.00190315798467543
ECU,Prospective,Flood,19525.4,16385450,0.00119163037939147
ECU,Prospective,Tsunami,196.48,16385450,0.0000119911262736147
ECU,Retrospective,Hydrometeorological,675.111,16385450,0.000041201858966339
ECU,Retrospective,Landslides,182.456,16385450,0.0000111352449886942
ECU,Retrospective,Tectonic,194.178,16385450,0.0000118506357774733
ECU,Retrospective,Volcanic,3.03333,16385450,0.000000185123386907287
ECU,Retrospective,Total,1054.78,16385450,0.0000643729650391048
ECU,Hybrid,Total,32038,16385450,0.00195527129251867
GRD,Prospective,Earthquake,88.8,107327,0.000827378012988344
GRD,Prospective,Storm,323.74,107327,0.00301638916582034
GRD,Prospective,Tsunami,0.15,107327,0.00000139759799491274
GRD,Prospective,Wind,135.27,107327,0.00126035387181231
GRD,Retrospective,Hydrometeorological,129.769,107327,0.00120909929467888
GRD,Retrospective,Total,129.769,107327,0.00120909929467888
GRD,Hybrid,Total,565,107327,0.005264285780838
GTM,Prospective,Earthquake,25251.3,16672956,0.00151450648583251
GTM,Prospective,Flood,10543.4,16672956,0.000632365370603749
GTM,Prospective,Storm,42.61,16672956,0.00000255563560534797
GTM,Prospective,Tsunami,6.98,16672956,0.000000418642021246862
GTM,Prospective,Wind,1.98,16672956,0.000000118755186542806
GTM,Retrospective,Hydrometeorological,5905.62,16672956,0.000354203537752994
GTM,Retrospective,Landslides,364.4,16672956,0.0000218557525132316
GTM,Retrospective,Tectonic,2234.74,16672956,0.000134033820997308
GTM,Retrospective,Volcanic,59.96,16672956,0.00000359624292177104
GTM,Retrospective,Total,8564.72,16672956,0.000513689354185305
GTM,Hybrid,Total,26655,16672956,0.00159869671580732
GUY,Prospective,Earthquake,0.38,770610,0.000000493115843292976
GUY,Prospective,Flood,2663.46,770610,0.00345630085257134
GUY,Prospective,Tsunami,0.29,770610,0.00000037632524882885
GUY,Retrospective,Hydrometeorological,16.05,770610,0.0000208276560127691
GUY,Retrospective,Tectonic,1.4,770610,0.00000181674258055307
GUY,Retrospective,Total,17.45,770610,0.0000226443985933222
GUY,Hybrid,Total,2737,770610,0.00355173174498125
HND,Prospective,Earthquake,27439.6,8189501,0.00335058265454757
HND,Prospective,Flood,14304,8189501,0.00174662656491525
HND,Prospective,Storm,327.88,8189501,0.000040036627384257
HND,Prospective,Tsunami,1.73,8189501,0.000000211246082026243
HND,Prospective,Wind,543.42,8189501,0.0000663556912686133
HND,Retrospective,Hydrometeorological,5667.82,8189501,0.000692083681289006
HND,Retrospective,Landslides,99.1923,8189501,0.0000121121299087698
HND,Retrospective,Tectonic,129.833,8189501,0.000015853591079603
HND,Retrospective,Total,5896.85,8189501,0.00072004997618292
HND,Hybrid,Total,27831,8189501,0.00339837555426149
HTI,Prospective,Earthquake,22336.8,10848175,0.00205903758005379
HTI,Prospective,Flood,10210.7,10848175,0.000941236659622471
HTI,Prospective,Storm,3894.39,10848175,0.000358990337084348
HTI,Prospective,Tsunami,52.46,10848175,0.00000483583644253526
HTI,Prospective,Wind,6588.24,10848175,0.000607313211669244
JAM,Prospective,Earthquake,997.76,2803362,0.000355915504312322
JAM,Prospective,Flood,478.78,2803362,0.000170787789803814
JAM,Prospective,Storm,4203.43,2803362,0.00149942461943909
JAM,Prospective,Tsunami,4.04,2803362,0.00000144112676136724
JAM,Prospective,Wind,7403.21,2803362,0.00264083268589643
JAM,Retrospective,Hydrometeorological,807.912,2803362,0.000288193961393498
JAM,Retrospective,Landslides,0.558824,2803362,0.00000019934064883522
JAM,Retrospective,Tectonic,0.191176,2803362,0.0000000681952598344417
JAM,Retrospective,Total,808.662,2803362,0.000288461497302168
JAM,Hybrid,Total,11715,2803362,0.00417891089342011
KNA,Prospective,Earthquake,184.54,56183,0.00328462346261325
KNA,Prospective,Storm,282.73,56183,0.00503230514568464
KNA,Prospective,Wind,316.25,56183,0.00562892689959596
LCA,Prospective,Earthquake,82.22,186383,0.00044113465283851
LCA,Prospective,Storm,809.97,186383,0.00434572895596701
LCA,Prospective,Tsunami,0.31,186383,0.00000166324181926463
LCA,Prospective,Wind,408.62,186383,0.00219236732963843
LCA,Retrospective,Hydrometeorological,112.714,186383,0.000604743994892238
LCA,Retrospective,Total,112.714,186383,0.000604743994892238
LCA,Hybrid,Total,889,186383,0.00476974831395567
MEX,Prospective,Earthquake,18922.5,128632004,0.00014710569229723
MEX,Prospective,Flood,52076.1,128632004,0.000404845593480764
MEX,Prospective,Storm,4588.01,128632004,0.0000356677176544649
MEX,Prospective,Tsunami,92.42,128632004,0.00000071848371420848
MEX,Prospective,Wind,7660.82,128632004,0.0000595560961640619
MEX,Retrospective,Hydrometeorological,31179,128632004,0.000242389133578297
MEX,Retrospective,Landslides,777.791,128632004,0.00000604663672968976
MEX,Retrospective,Tectonic,8944.62,128632004,0.0000695365050831362
MEX,Retrospective,Volcanic,931.058,128632004,0.00000723815202319323
MEX,Retrospective,Total,41832.5,128632004,0.000325210668411883
MEX,Hybrid,Total,83569,128632004,0.000649675021777628
NIC,Prospective,Earthquake,4108.97,6150035,0.000668121400935117
NIC,Prospective,Flood,7716.64,6150035,0.00125473107063618
NIC,Prospective,Storm,387.39,6150035,0.0000629898854234163
NIC,Prospective,Tsunami,2.83,6150035,0.000000460159982829366
NIC,Prospective,Wind,181.25,6150035,0.0000294713769921635
NIC,Retrospective,Hydrometeorological,2505.19,6150035,0.000407345649252403
NIC,Retrospective,Landslides,777.262,6150035,0.000126383345785837
NIC,Retrospective,Tectonic,253.976,6150035,0.0000412966755473749
NIC,Retrospective,Total,3536.43,6150035,0.000575025995787016
NIC,Hybrid,Total,9677,6150035,0.0015734869801554
PAN,Prospective,Earthquake,1789.72,3990406,0.000448505741019836
PAN,Prospective,Flood,1002.42,3990406,0.000251207521239693
PAN,Prospective,Storm,0.04,3990406,0.0000000100240426663352
PAN,Prospective,Tsunami,37.36,3990406,0.00000936245585035708
PAN,Retrospective,Hydrometeorological,1431.59,3990406,0.00035875798101747
PAN,Retrospective,Landslides,5.84483,3990406,0.0000014647206324369
PAN,Retrospective,Tectonic,91.7931,3990406,0.0000230034487718794
PAN,Retrospective,Total,1529.22,3990406,0.000383224163155328
PAN,Hybrid,Total,2400,3990406,0.000601442559980112
PER,Prospective,Earthquake,32713.9,31774225,0.00102957349864552
PER,Prospective,Flood,13378.5,31774225,0.000421048821804466
PER,Prospective,Tsunami,359.09,31774225,0.0000113012984581056
PER,Retrospective,Hydrometeorological,6175.49,31774225,0.00019435533046046
PER,Retrospective,Landslides,132.163,31774225,0.00000415944055283803
PER,Retrospective,Tectonic,14738.1,31774225,0.000463838221073842
PER,Retrospective,Total,21045.7,31774225,0.000662351324068486
PER,Hybrid,Total,34820,31774225,0.00109585678328897
PRI,Prospective,Earthquake,2524.25,3680772,0.000685793632422763
PRI,Prospective,Flood,144.74,3680772,0.0000393232724004638
PRI,Prospective,Storm,6108.19,3680772,0.00165948610780565
PRI,Prospective,Tsunami,76.87,3680772,0.0000208842058133457
PRI,Prospective,Wind,42354.1,3680772,0.0115068523668404
PRY,Prospective,Earthquake,1.44,6725430,0.000000214112703574344
PRY,Prospective,Flood,9570.34,6725430,0.00142300789689284
PRY,Retrospective,Hydrometeorological,2073,6725430,0.000308233079520566
PRY,Retrospective,Total,2073,6725430,0.000308233079520566
PRY,Hybrid,Total,10147,6725430,0.00150875111331171
SLV,Prospective,Earthquake,8719.82,6146419,0.00141868297621753
SLV,Prospective,Flood,1835.2,6146419,0.000298580360369184
SLV,Prospective,Storm,1.95,6146419,0.000000317257902528285
SLV,Prospective,Tsunami,12.22,6146419,0.00000198814952251059
SLV,Retrospective,Hydrometeorological,1465.93,6146419,0.000238501475411943
SLV,Retrospective,Landslides,21.9333,6146419,0.00000356846807873007
SLV,Retrospective,Tectonic,13980.9,6146419,0.00227464154331164
SLV,Retrospective,Volcanic,16.0556,6146419,0.00000261218768196571
SLV,Retrospective,Total,15484.8,6146419,0.00251932059952307
SLV,Hybrid,Total,8847,6146419,0.00143937469931679
SUR,Prospective,Earthquake,0.03,547610,0.0000000547835138145761
SUR,Prospective,Flood,2418.45,547610,0.00441637296616205
TCA,Prospective,Earthquake,0.66,34904,0.000018909007563603
TCA,Prospective,Tsunami,0.51,34904,0.0000146115058446023
TCA,Prospective,Wind,537.4,34904,0.0153965161586065
TTO,Prospective,Earthquake,6413.3,1364973,0.00469848121537935
TTO,Prospective,Flood,10.97,1364973,0.00000803678900608291
TTO,Prospective,Storm,214.56,1364973,0.000157189922438026
TTO,Prospective,Tsunami,0.3,1364973,0.000000219784567167263
TTO,Prospective,Wind,28.01,1364973,0.0000205205524211834
TTO,Retrospective,Hydrometeorological,3.94792,1364973,0.00000289230629470327
TTO,Retrospective,Landslides,0.458333,1364973,0.000000335781733411577
TTO,Retrospective,Tectonic,0.15625,1364973,0.000000114471128732949
TTO,Retrospective,Volcanic,0.708333,1364973,0.000000518935539384296
TTO,Retrospective,Total,5.27083,1364973,0.00000386149030054074
URY,Prospective,Earthquake,0.01,3444071,0.00000000290354060645091
URY,Prospective,Flood,1503.05,3444071,0.000436416670852604
URY,Prospective,Tsunami,0.01,3444071,0.00000000290354060645091
URY,Retrospective,Hydrometeorological,275.774,3444071,0.0000800721007203394
URY,Retrospective,Total,275.774,3444071,0.0000800721007203394
URY,Hybrid,Total,1594,3444071,0.000462824372668275
VCT,Prospective,Earthquake,48.12,109644,0.000438874904235526
VCT,Prospective,Storm,727.46,109644,0.00663474517529459
VCT,Prospective,Tsunami,0.36,109644,0.00000328335339827077
VCT,Prospective,Wind,124.07,109644,0.00113157126700959
VCT,Retrospective,Hydrometeorological,106.926,109644,0.000975210681843056
VCT,Retrospective,Landslides,1.97059,109644,0.0000179726204808289
VCT,Retrospective,Total,108.897,109644,0.000993187041698588
VCT,Hybrid,Total,789,109644,0.00719601619787676
VEN,Prospective,Earthquake,26299.2,31518855,0.000834395792613659
VEN,Prospective,Flood,7987.64,31518855,0.000253424180542091
VEN,Prospective,Storm,295.7,31518855,0.00000938168597812325
VEN,Prospective,Tsunami,98.48,31518855,0.00000312447898250111
VEN,Prospective,Wind,25.19,31518855,0.000000799204158907422
VEN,Retrospective,Hydrometeorological,4031.66,31518855,0.000127912641496653
VEN,Retrospective,Landslides,629.333,31518855,0.0000199668737966528
VEN,Retrospective,Tectonic,29.6,31518855,0.000000939120409037701
VEN,Retrospective,Total,4690.59,31518855,0.000148818540521221
VEN,Hybrid,Total,27483,31518855,0.000871954263566998
VIR,Prospective,Earthquake,127.38,106415,0.00119701169947846
VIR,Prospective,Storm,1735.8,106415,0.0163116102053282
VIR,Prospective,Tsunami,0.01,106415,0.0000000939717145139313
VIR,Prospective,Wind,1324.34,106415,0.012445050039938
CAN,Prospective,Earthquake,1127.97,36286378,0.0000310852188113126
CAN,Prospective,Flood,12425.3,36286378,0.000342423264179191
CAN,Prospective,Tsunami,13.69,36286378,0.000000377276563673564
CAN,Prospective,Wind,384.33,36286378,0.0000105915779194055
USA,Prospective,Earthquake,44226.9,324118787,0.000136452750577522
USA,Prospective,Flood,40390.4,324118787,0.000124616040846778
USA,Prospective,Storm,48982,324118787,0.00015112360642026
USA,Prospective,Tsunami,708.51,324118787,0.00000218595782909677
USA,Prospective,Wind,72120.1,324118787,0.00022251132267751
ARE,Prospective,Earthquake,3919.06,9266971,0.000422906254913283
ARE,Prospective,Flood,7473.53,9266971,0.00080646955731274
ARE,Prospective,Tsunami,1.63,9266971,0.00000017589350392917
BHR,Prospective,Earthquake,135.61,1396829,0.000097084181385123
IRQ,Prospective,Earthquake,30894.1,37547686,0.000822796376852624
IRQ,Prospective,Flood,45125,37547686,0.00120180508593792
JOR,Prospective,Earthquake,1960.56,7747800,0.000253047316657632
JOR,Prospective,Flood,108.12,7747800,0.0000139549291411756
JOR,Retrospective,Hydrometeorological,2.79167,7747800,0.000000360317767624358
JOR,Retrospective,Total,2.79167,7747800,0.000000360317767624358
KWT,Prospective,Earthquake,706.46,4007146,0.000176300039978578
KWT,Prospective,Flood,3.69,4007146,0.00000092085489273413
LBN,Prospective,Earthquake,2333.2,5988153,0.0003896360029545
LBN,Prospective,Flood,62.86,5988153,0.0000104973937706668
LBN,Prospective,Tsunami,92.31,5988153,0.0000154154377819004
LBN,Retrospective,Hydrometeorological,19.3043,5988153,0.00000322374862499338
LBN,Retrospective,Landslides,9.1087,5988153,0.00000152112011834033
LBN,Retrospective,Tectonic,1.47826,5988153,0.000000246864099831785
LBN,Retrospective,Total,29.8913,5988153,0.00000499173952302154
LBN,Hybrid,Total,2351,5988153,0.000392608538893378
OMN,Prospective,Earthquake,487.58,4654471,0.000104755191298861
OMN,Prospective,Flood,188.49,4654471,0.00004049654622405
OMN,Prospective,Storm,144.03,4654471,0.0000309444403026681
OMN,Prospective,Tsunami,8.2,4654471,0.00000176174693106907
PSE,Prospective,Earthquake,1343.97,4797239,0.000280154897431627
PSE,Prospective,Flood,18.1,4797239,0.0000037730035964437
PSE,Prospective,Tsunami,6.89,4797239,0.00000143624280549708
PSE,Retrospective,Hydrometeorological,10.4394,4797239,0.00000217612672622732
PSE,Retrospective,Total,10.4394,4797239,0.00000217612672622732
QAT,Prospective,Earthquake,312.12,2291368,0.000136215570785662
QAT,Prospective,Flood,0.08,2291368,0.0000000349136411087176
SAU,Prospective,Earthquake,1435.28,32157974,0.0000446321649491974
SAU,Prospective,Flood,1326.8,32157974,0.0000412588181083796
SYR,Prospective,Earthquake,12251.1,18563595,0.000659952988631782
SYR,Prospective,Flood,8007.96,18563595,0.000431379805474101
SYR,Prospective,Tsunami,17.74,18563595,0.000000955633862945189
SYR,Retrospective,Hydrometeorological,132.263,18563595,0.00000712485916655691
SYR,Retrospective,Landslides,2.13158,18563595,0.000000114825819029127
SYR,Retrospective,Total,134.395,18563595,0.00000723970761051402
SYR,Hybrid,Total,10523,18563595,0.000566862183752662
YEM,Prospective,Earthquake,11869.7,27477600,0.000431977319707689
YEM,Prospective,Flood,9625.59,27477600,0.000350306795353306
YEM,Prospective,Tsunami,0.07,27477600,0.0000000025475296241302
YEM,Retrospective,Hydrometeorological,823.433,27477600,0.0000299674280140915
YEM,Retrospective,Landslides,3436.57,27477600,0.000125068055434245
YEM,Retrospective,Total,4260,27477600,0.000155035374268495
YEM,Hybrid,Total,16938,27477600,0.000616429382478819
OCEANIA,Retrospective,Hydrometeorological,11416.7,38965737,0.000292993303321839
OCEANIA,Retrospective,Landslides,87.75,38965737,0.0000022519784496826
OCEANIA,Retrospective,Tectonic,837.792,38965737,0.0000215007353768261
OCEANIA,Retrospective,Total,12342.3,38965737,0.000316747505635528
